{
  "US": [
    { "name": "Alabama", "shortName": "AL" },
    { "name": "Alaska", "shortName": "AK" },
    { "name": "Arizona", "shortName": "AZ" },
    { "name": "Arkansas", "shortName": "AR" },
    { "name": "California", "shortName": "CA" },
    { "name": "Colorado", "shortName": "CO" },
    { "name": "Connecticut", "shortName": "CT" },
    { "name": "Delaware", "shortName": "DE" },
    { "name": "Florida", "shortName": "FL" },
    { "name": "Georgia", "shortName": "GA" },
    { "name": "Hawaii", "shortName": "HI" },
    { "name": "Idaho", "shortName": "ID" },
    { "name": "Illinois", "shortName": "IL" },
    { "name": "Indiana", "shortName": "IN" },
    { "name": "Iowa", "shortName": "IA" },
    { "name": "Kansas", "shortName": "KS" },
    { "name": "Kentucky", "shortName": "KY" },
    { "name": "Louisiana", "shortName": "LA" },
    { "name": "Maine", "shortName": "ME" },
    { "name": "Maryland", "shortName": "MD" },
    { "name": "Massachusetts", "shortName": "MA" },
    { "name": "Michigan", "shortName": "MI" },
    { "name": "Minnesota", "shortName": "MN" },
    { "name": "Mississippi", "shortName": "MS" },
    { "name": "Missouri", "shortName": "MO" },
    { "name": "Montana", "shortName": "MT" },
    { "name": "Nebraska", "shortName": "NE" },
    { "name": "Nevada", "shortName": "NV" },
    { "name": "New Hampshire", "shortName": "NH" },
    { "name": "New Jersey", "shortName": "NJ" },
    { "name": "New Mexico", "shortName": "NM" },
    { "name": "New York", "shortName": "NY" },
    { "name": "North Carolina", "shortName": "NC" },
    { "name": "North Dakota", "shortName": "ND" },
    { "name": "Ohio", "shortName": "OH" },
    { "name": "Oklahoma", "shortName": "OK" },
    { "name": "Oregon", "shortName": "OR" },
    { "name": "Pennsylvania", "shortName": "PA" },
    { "name": "Rhode Island", "shortName": "RI" },
    { "name": "South Carolina", "shortName": "SC" },
    { "name": "South Dakota", "shortName": "SD" },
    { "name": "Tennessee", "shortName": "TN" },
    { "name": "Texas", "shortName": "TX" },
    { "name": "Utah", "shortName": "UT" },
    { "name": "Vermont", "shortName": "VT" },
    { "name": "Virginia", "shortName": "VA" },
    { "name": "Washington", "shortName": "WA" },
    { "name": "West Virginia", "shortName": "WV" },
    { "name": "Wisconsin", "shortName": "WI" },
    { "name": "Wyoming", "shortName": "WY" }
  ],
  "CA": [
    { "name": "Alberta", "shortName": "AB" },
    { "name": "British Columbia", "shortName": "BC" },
    { "name": "Manitoba", "shortName": "MB" },
    { "name": "New Brunswick", "shortName": "NB" },
    { "name": "Newfoundland and Labrador", "shortName": "NL" },
    { "name": "Northwest Territories", "shortName": "NT" },
    { "name": "Nova Scotia", "shortName": "NS" },
    { "name": "Nunavut", "shortName": "NU" },
    { "name": "Ontario", "shortName": "ON" },
    { "name": "Prince Edward Island", "shortName": "PE" },
    { "name": "Quebec", "shortName": "QC" },
    { "name": "Saskatchewan", "shortName": "SK" },
    { "name": "Yukon", "shortName": "YT" }
  ],
  "CO": [
    { "name": "Amazonas", "shortName": "AMA" },
    { "name": "Antioquia", "shortName": "ANT" },
    { "name": "Arauca", "shortName": "ARA" },
    { "name": "Atlántico", "shortName": "ATL" },
    { "name": "Bogotá D.C.", "shortName": "BOG" },
    { "name": "Bolívar", "shortName": "BOL" },
    { "name": "Boyacá", "shortName": "BOY" },
    { "name": "Caldas", "shortName": "CAL" },
    { "name": "Caquetá", "shortName": "CAQ" },
    { "name": "Casanare", "shortName": "CAS" },
    { "name": "Cauca", "shortName": "CAU" },
    { "name": "Cesar", "shortName": "CES" },
    { "name": "Chocó", "shortName": "CHO" },
    { "name": "Córdoba", "shortName": "COR" },
    { "name": "Cundinamarca", "shortName": "CUN" },
    { "name": "Guainía", "shortName": "GUA" },
    { "name": "Guaviare", "shortName": "GUV" },
    { "name": "Huila", "shortName": "HUI" },
    { "name": "La Guajira", "shortName": "LAG" },
    { "name": "Magdalena", "shortName": "MAG" },
    { "name": "Meta", "shortName": "MET" },
    { "name": "Nariño", "shortName": "NAR" },
    { "name": "Norte de Santander", "shortName": "NSA" },
    { "name": "Putumayo", "shortName": "PUT" },
    { "name": "Quindío", "shortName": "QUI" },
    { "name": "Risaralda", "shortName": "RIS" },
    { "name": "San Andrés y Providencia", "shortName": "SAP" },
    { "name": "Santander", "shortName": "SAN" },
    { "name": "Sucre", "shortName": "SUC" },
    { "name": "Tolima", "shortName": "TOL" },
    { "name": "Valle del Cauca", "shortName": "VAC" },
    { "name": "Vaupés", "shortName": "VAU" },
    { "name": "Vichada", "shortName": "VIC" }
  ]
}
